model,accuracy,precision,recall,f1,auroc,auprc,coverage
APACHE_IVa,0.910790501953712,0.5048966267682263,0.31078365706630945,0.384742951907131,0.8490873139061406,0.4086825279850078,0.8366864500553264
FedAvg,0.9017132551848512,0.4327651515151515,0.3060951105157401,0.35857198901530013,0.8159073784471946,0.3596016026436574,0.8366864500553264
