single_sample_ms,batch_256_ms,batch_256_per_sample_ms
0.06113200000982033,0.04188799999610637,0.00016362499998479052
