setting,accuracy_mean,accuracy_std,precision_mean,precision_std,recall_mean,recall_std,f1_mean,f1_std,auroc_mean,auroc_std,auprc_mean,auprc_std
centralized,0.8966200583442309,0.0030856964402797902,0.41331258116318487,0.013353965607460548,0.36217732884399556,0.013703285464579886,0.38570699539873055,0.0036757724947196414,0.8147890383267915,0.0016361777258370063,0.36292794748857,0.003995723765925151
fedavg,0.9012574187707474,0.000439053472342744,0.42865157709856205,0.003586417935662988,0.3054994388327722,0.005434927054008188,0.35673308186213015,0.0046172839339918914,0.8117718808713285,0.0017243187320569685,0.3506527944175901,0.002667279123381128
fedprox,0.9014183683734032,0.0003502763373197793,0.42949043648270535,0.0018559515441582677,0.3041526374859708,0.00515846697835304,0.35609089035531294,0.0034339668610970505,0.8110619361199471,0.0017943133960475561,0.349868145363564,0.00224181518595954
